{
    "created_at": "2026-05-17 20:19:38.461744",
    "temperatures": [
        29,
        30,
        35,
        24,
        32,
        20,
        30,
        27,
        28,
        35,
        30,
        27,
        29,
        26,
        29,
        23,
        31,
        22,
        21,
        28,
        31,
        22,
        18,
        29
    ],
    "max_temp": 35,
    "min_temp": 18,
    "avg_temp": 27.333333333333332
}